record_id,keyword,category,question,question_type,difficulty_level,answer_outline,tags,estimated_read_time,target_audience,related_topics,question_length,word_count,created_date,language,source_template,engagement_score,complexity_score,popularity_score
2,digital marketing,marketing,What emerging platforms support digital marketing?,optimization,Beginner,"[""Introduction to digital marketing"", ""Key points and analysis"", ""Practical examples"", ""Expert insights"", ""Action items"", ""Conclusion""]","[""marketing"", ""digital"", ""advertising"", ""optimization""]",4,Marketing Students & Interns,"[""content marketing"", ""social media"", ""brand management""]",50,6,2025-10-25 19:28:21,en,What emerging platforms support {keyword}?,0.84,0.4069373222555209,0.75
5,brand management,marketing,What are the latest trends in brand management?,implementation,Expert,"[""Introduction to brand management"", ""Key concepts and definitions"", ""Main categories or types"", ""Examples and case studies"", ""Benefits and advantages"", ""Summary and recommendations""]","[""marketing"", ""management"", ""branding"", ""promotion"", ""brand"", ""implementation""]",6,Marketing Directors & CMOs,"[""digital marketing"", ""social media"", ""content marketing""]",47,8,2025-10-25 19:28:21,en,What are the latest trends in {keyword}?,0.78,1.0,0.53
6,content marketing,marketing,How do you improve content marketing conversion rates?,best_practice,Expert,"[""Overview of content marketing"", ""Step-by-step implementation"", ""Best practices and tips"", ""Common challenges and solutions"", ""Tools and resources needed"", ""Conclusion and next steps""]","[""marketing"", ""best_practice"", ""promotion"", ""advertising"", ""content""]",6,Marketing Directors & CMOs,"[""social media"", ""brand management"", ""digital marketing""]",54,8,2025-10-25 19:28:21,en,How do you improve {keyword} conversion rates?,0.86,1.0,0.74
8,content marketing,marketing,How do you measure the ROI of content marketing campaigns?,evaluation,Advanced,"[""Overview of content marketing"", ""Step-by-step implementation"", ""Best practices and tips"", ""Common challenges and solutions"", ""Tools and resources needed"", ""Conclusion and next steps""]","[""marketing"", ""evaluation"", ""promotion"", ""digital"", ""content""]",6,Marketing Managers & Strategists,"[""digital marketing"", ""social media"", ""brand management""]",58,10,2025-10-25 19:28:21,en,How do you measure the ROI of {keyword} campaigns?,0.94,0.8957817270992835,0.76
9,social media,marketing,How do you improve social media conversion rates?,evaluation,Expert,"[""Overview of social media"", ""Step-by-step implementation"", ""Best practices and tips"", ""Common challenges and solutions"", ""Tools and resources needed"", ""Conclusion and next steps""]","[""marketing"", ""social"", ""evaluation"", ""branding"", ""media"", ""advertising""]",6,Marketing Directors & CMOs,"[""brand management"", ""digital marketing"", ""content marketing""]",49,8,2025-10-25 19:28:21,en,How do you improve {keyword} conversion rates?,0.73,1.0,0.79
12,digital marketing,marketing,What budget should be allocated to digital marketing?,optimization,Expert,"[""Introduction to digital marketing"", ""Key points and analysis"", ""Practical examples"", ""Expert insights"", ""Action items"", ""Conclusion""]","[""marketing"", ""digital"", ""optimization"", ""promotion""]",4,Marketing Directors & CMOs,"[""content marketing"", ""brand management"", ""social media""]",53,8,2025-10-25 19:28:21,en,What budget should be allocated to {keyword}?,0.74,1.0,0.48
13,social media,marketing,What demographics respond best to social media?,how_to,Beginner,"[""Introduction to social media"", ""Key points and analysis"", ""Practical examples"", ""Expert insights"", ""Action items"", ""Conclusion""]","[""marketing"", ""social"", ""branding"", ""media"", ""advertising"", ""how_to""]",4,Marketing Students & Interns,"[""content marketing"", ""brand management"", ""digital marketing""]",47,7,2025-10-25 19:28:21,en,What demographics respond best to {keyword}?,0.68,0.452602381330768,0.4
14,content marketing,marketing,How do you innovate within content marketing?,how_to,Intermediate,"[""Overview of content marketing"", ""Step-by-step implementation"", ""Best practices and tips"", ""Common challenges and solutions"", ""Tools and resources needed"", ""Conclusion and next steps""]","[""marketing"", ""promotion"", ""advertising"", ""content"", ""how_to""]",6,Marketing Coordinators & Specialists,"[""brand management"", ""digital marketing"", ""social media""]",45,7,2025-10-25 19:28:21,en,How do you innovate within {keyword}?,0.67,0.7629303968609117,0.34
16,social media,marketing,How do you innovate within social media?,how_to,Expert,"[""Overview of social media"", ""Step-by-step implementation"", ""Best practices and tips"", ""Common challenges and solutions"", ""Tools and resources needed"", ""Conclusion and next steps""]","[""marketing"", ""social"", ""digital"", ""media"", ""advertising"", ""how_to""]",6,Marketing Directors & CMOs,"[""digital marketing"", ""content marketing"", ""brand management""]",40,7,2025-10-25 19:28:21,en,How do you innovate within {keyword}?,0.62,1.0,0.69
17,brand management,marketing,What channels are most effective for brand management?,troubleshooting,Expert,"[""Introduction to brand management"", ""Key points and analysis"", ""Practical examples"", ""Expert insights"", ""Action items"", ""Conclusion""]","[""marketing"", ""management"", ""branding"", ""troubleshooting"", ""advertising"", ""brand""]",4,Marketing Directors & CMOs,"[""social media"", ""content marketing"", ""digital marketing""]",54,8,2025-10-25 19:28:21,en,What channels are most effective for {keyword}?,0.75,1.0,0.42
18,social media,marketing,How do you optimize social media for mobile users?,how_to,Advanced,"[""Overview of social media"", ""Step-by-step implementation"", ""Best practices and tips"", ""Common challenges and solutions"", ""Tools and resources needed"", ""Conclusion and next steps""]","[""marketing"", ""social"", ""digital"", ""media"", ""advertising"", ""how_to""]",6,Marketing Managers & Strategists,"[""brand management"", ""content marketing"", ""digital marketing""]",50,9,2025-10-25 19:28:21,en,How do you optimize {keyword} for mobile users?,0.67,0.9182284836666204,0.8
20,brand management,marketing,What A/B tests should you run for brand management?,strategy,Intermediate,"[""Introduction to brand management"", ""Key points and analysis"", ""Practical examples"", ""Expert insights"", ""Action items"", ""Conclusion""]","[""marketing"", ""management"", ""strategy"", ""promotion"", ""advertising"", ""brand""]",4,Marketing Coordinators & Specialists,"[""content marketing"", ""social media"", ""digital marketing""]",51,9,2025-10-25 19:28:21,en,What A/B tests should you run for {keyword}?,0.88,0.7138991489052849,0.8
22,content marketing,marketing,How do you reach new customers through content marketing?,strategy,Beginner,"[""Overview of content marketing"", ""Step-by-step implementation"", ""Best practices and tips"", ""Common challenges and solutions"", ""Tools and resources needed"", ""Conclusion and next steps""]","[""marketing"", ""strategy"", ""branding"", ""advertising"", ""content""]",6,Marketing Students & Interns,"[""brand management"", ""social media"", ""digital marketing""]",57,9,2025-10-25 19:28:21,en,How do you reach new customers through {keyword}?,0.81,0.3145037667169174,0.42
23,digital marketing,marketing,How do you identify the right audience for digital marketing?,troubleshooting,Advanced,"[""Overview of digital marketing"", ""Step-by-step implementation"", ""Best practices and tips"", ""Common challenges and solutions"", ""Tools and resources needed"", ""Conclusion and next steps""]","[""marketing"", ""digital"", ""troubleshooting"", ""promotion"", ""advertising""]",6,Marketing Managers & Strategists,"[""content marketing"", ""brand management"", ""social media""]",61,10,2025-10-25 19:28:21,en,How do you identify the right audience for {keyword}?,0.84,0.8361412433446074,0.49
24,social media,marketing,What budget should be allocated to social media?,strategy,Beginner,"[""Introduction to social media"", ""Key points and analysis"", ""Practical examples"", ""Expert insights"", ""Action items"", ""Conclusion""]","[""marketing"", ""social"", ""strategy"", ""digital"", ""media"", ""advertising""]",4,Marketing Students & Interns,"[""digital marketing"", ""content marketing"", ""brand management""]",48,8,2025-10-25 19:28:21,en,What budget should be allocated to {keyword}?,0.84,0.3737569158529941,0.33
26,content marketing,marketing,How do you create a content marketing roadmap?,strategy,Expert,"[""Overview of content marketing"", ""Step-by-step implementation"", ""Best practices and tips"", ""Common challenges and solutions"", ""Tools and resources needed"", ""Conclusion and next steps""]","[""marketing"", ""strategy"", ""promotion"", ""advertising"", ""content""]",6,Marketing Directors & CMOs,"[""social media"", ""brand management"", ""digital marketing""]",46,8,2025-10-25 19:28:21,en,How do you create a {keyword} roadmap?,0.87,1.0,0.69
29,social media,marketing,What timing strategies work for social media?,how_to,Intermediate,"[""Introduction to social media"", ""Key points and analysis"", ""Practical examples"", ""Expert insights"", ""Action items"", ""Conclusion""]","[""marketing"", ""social"", ""branding"", ""media"", ""advertising"", ""how_to""]",4,Marketing Coordinators & Specialists,"[""digital marketing"", ""content marketing"", ""brand management""]",45,7,2025-10-25 19:28:21,en,What timing strategies work for {keyword}?,0.8,0.7330606836020725,0.39
30,social media,marketing,How do you attribute success to social media efforts?,troubleshooting,Intermediate,"[""Overview of social media"", ""Step-by-step implementation"", ""Best practices and tips"", ""Common challenges and solutions"", ""Tools and resources needed"", ""Conclusion and next steps""]","[""marketing"", ""social"", ""troubleshooting"", ""digital"", ""media"", ""advertising""]",6,Marketing Coordinators & Specialists,"[""brand management"", ""digital marketing"", ""content marketing""]",53,9,2025-10-25 19:28:21,en,How do you attribute success to {keyword} efforts?,0.81,0.719085285888082,0.85
32,social media,marketing,How do you develop an effective social media strategy?,comparison,Expert,"[""Overview of social media"", ""Step-by-step implementation"", ""Best practices and tips"", ""Common challenges and solutions"", ""Tools and resources needed"", ""Conclusion and next steps""]","[""marketing"", ""social"", ""branding"", ""digital"", ""media"", ""comparison""]",6,Marketing Directors & CMOs,"[""digital marketing"", ""content marketing"", ""brand management""]",54,9,2025-10-25 19:28:21,en,How do you develop an effective {keyword} strategy?,0.95,1.0,0.58
36,brand management,marketing,How do you innovate within brand management?,implementation,Advanced,"[""Overview of brand management"", ""Step-by-step implementation"", ""Best practices and tips"", ""Common challenges and solutions"", ""Tools and resources needed"", ""Conclusion and next steps""]","[""marketing"", ""management"", ""branding"", ""digital"", ""brand"", ""implementation""]",6,Marketing Managers & Strategists,"[""social media"", ""content marketing"", ""digital marketing""]",44,7,2025-10-25 19:28:21,en,How do you innovate within {keyword}?,0.8,0.8762092777319794,0.48
42,social media,marketing,What channels are most effective for social media?,analysis,Advanced,"[""Introduction to social media"", ""Key points and analysis"", ""Practical examples"", ""Expert insights"", ""Action items"", ""Conclusion""]","[""marketing"", ""social"", ""branding"", ""media"", ""analysis"", ""advertising""]",4,Marketing Managers & Strategists,"[""digital marketing"", ""brand management"", ""content marketing""]",50,8,2025-10-25 19:28:21,en,What channels are most effective for {keyword}?,0.93,0.9132617550052248,0.67
43,brand management,marketing,How do you automate brand management processes?,analysis,Beginner,"[""Overview of brand management"", ""Step-by-step implementation"", ""Best practices and tips"", ""Common challenges and solutions"", ""Tools and resources needed"", ""Conclusion and next steps""]","[""marketing"", ""management"", ""promotion"", ""analysis"", ""advertising"", ""brand""]",6,Marketing Students & Interns,"[""content marketing"", ""digital marketing"", ""social media""]",47,7,2025-10-25 19:28:21,en,How do you automate {keyword} processes?,0.64,0.4581584263182743,0.89
44,content marketing,marketing,How do you measure the ROI of content marketing campaigns?,strategy,Expert,"[""Overview of content marketing"", ""Step-by-step implementation"", ""Best practices and tips"", ""Common challenges and solutions"", ""Tools and resources needed"", ""Conclusion and next steps""]","[""marketing"", ""strategy"", ""digital"", ""advertising"", ""content""]",6,Marketing Directors & CMOs,"[""digital marketing"", ""social media"", ""brand management""]",58,10,2025-10-25 19:28:21,en,How do you measure the ROI of {keyword} campaigns?,0.73,1.0,0.46
46,brand management,marketing,How do you reach new customers through brand management?,analysis,Expert,"[""Overview of brand management"", ""Step-by-step implementation"", ""Best practices and tips"", ""Common challenges and solutions"", ""Tools and resources needed"", ""Conclusion and next steps""]","[""marketing"", ""management"", ""digital"", ""analysis"", ""advertising"", ""brand""]",6,Marketing Directors & CMOs,"[""content marketing"", ""digital marketing"", ""social media""]",56,9,2025-10-25 19:28:21,en,How do you reach new customers through {keyword}?,0.85,1.0,0.75
50,digital marketing,marketing,What KPIs are most important for digital marketing?,troubleshooting,Beginner,"[""Introduction to digital marketing"", ""Key points and analysis"", ""Practical examples"", ""Expert insights"", ""Action items"", ""Conclusion""]","[""marketing"", ""branding"", ""digital"", ""troubleshooting"", ""advertising""]",4,Marketing Students & Interns,"[""brand management"", ""social media"", ""content marketing""]",51,8,2025-10-25 19:28:21,en,What KPIs are most important for {keyword}?,0.67,0.4573619720269276,0.65
55,content marketing,marketing,How do you attribute success to content marketing efforts?,optimization,Expert,"[""Overview of content marketing"", ""Step-by-step implementation"", ""Best practices and tips"", ""Common challenges and solutions"", ""Tools and resources needed"", ""Conclusion and next steps""]","[""marketing"", ""digital"", ""advertising"", ""content"", ""optimization""]",6,Marketing Directors & CMOs,"[""digital marketing"", ""brand management"", ""social media""]",58,9,2025-10-25 19:28:21,en,How do you attribute success to {keyword} efforts?,0.8,1.0,0.87
62,social media,marketing,What are the latest trends in social media?,analysis,Intermediate,"[""Introduction to social media"", ""Key concepts and definitions"", ""Main categories or types"", ""Examples and case studies"", ""Benefits and advantages"", ""Summary and recommendations""]","[""marketing"", ""social"", ""branding"", ""media"", ""analysis"", ""advertising""]",6,Marketing Coordinators & Specialists,"[""content marketing"", ""digital marketing"", ""brand management""]",43,8,2025-10-25 19:28:21,en,What are the latest trends in {keyword}?,0.66,0.6241279422894478,0.48
64,social media,marketing,What are the latest trends in social media?,planning,Intermediate,"[""Introduction to social media"", ""Key concepts and definitions"", ""Main categories or types"", ""Examples and case studies"", ""Benefits and advantages"", ""Summary and recommendations""]","[""marketing"", ""social"", ""digital"", ""media"", ""planning"", ""advertising""]",6,Marketing Coordinators & Specialists,"[""digital marketing"", ""content marketing"", ""brand management""]",43,8,2025-10-25 19:28:21,en,What are the latest trends in {keyword}?,0.82,0.78862493066822,0.82
65,digital marketing,marketing,What channels are most effective for digital marketing?,troubleshooting,Advanced,"[""Introduction to digital marketing"", ""Key points and analysis"", ""Practical examples"", ""Expert insights"", ""Action items"", ""Conclusion""]","[""marketing"", ""branding"", ""digital"", ""troubleshooting"", ""advertising""]",4,Marketing Managers & Strategists,"[""brand management"", ""content marketing"", ""social media""]",55,8,2025-10-25 19:28:21,en,What channels are most effective for {keyword}?,0.92,0.9270658539733424,0.41
77,digital marketing,marketing,How do you innovate within digital marketing?,planning,Advanced,"[""Overview of digital marketing"", ""Step-by-step implementation"", ""Best practices and tips"", ""Common challenges and solutions"", ""Tools and resources needed"", ""Conclusion and next steps""]","[""marketing"", ""digital"", ""promotion"", ""planning"", ""advertising""]",6,Marketing Managers & Strategists,"[""brand management"", ""social media"", ""content marketing""]",45,7,2025-10-25 19:28:21,en,How do you innovate within {keyword}?,0.64,0.9605918059778252,0.31
80,social media,marketing,What emerging platforms support social media?,how_to,Advanced,"[""Introduction to social media"", ""Key points and analysis"", ""Practical examples"", ""Expert insights"", ""Action items"", ""Conclusion""]","[""marketing"", ""social"", ""branding"", ""promotion"", ""media"", ""how_to""]",4,Marketing Managers & Strategists,"[""digital marketing"", ""brand management"", ""content marketing""]",45,6,2025-10-25 19:28:21,en,What emerging platforms support {keyword}?,0.89,0.9206252746871764,0.36
81,content marketing,marketing,What timing strategies work for content marketing?,implementation,Intermediate,"[""Introduction to content marketing"", ""Key points and analysis"", ""Practical examples"", ""Expert insights"", ""Action items"", ""Conclusion""]","[""marketing"", ""promotion"", ""advertising"", ""content"", ""implementation""]",4,Marketing Coordinators & Specialists,"[""digital marketing"", ""social media"", ""brand management""]",50,7,2025-10-25 19:28:21,en,What timing strategies work for {keyword}?,0.69,0.7962531452193636,0.43
82,content marketing,marketing,What timing strategies work for content marketing?,planning,Expert,"[""Introduction to content marketing"", ""Key points and analysis"", ""Practical examples"", ""Expert insights"", ""Action items"", ""Conclusion""]","[""marketing"", ""promotion"", ""planning"", ""advertising"", ""content""]",4,Marketing Directors & CMOs,"[""brand management"", ""digital marketing"", ""social media""]",50,7,2025-10-25 19:28:21,en,What timing strategies work for {keyword}?,0.78,1.0,0.76
86,content marketing,marketing,How do you develop an effective content marketing strategy?,planning,Advanced,"[""Overview of content marketing"", ""Step-by-step implementation"", ""Best practices and tips"", ""Common challenges and solutions"", ""Tools and resources needed"", ""Conclusion and next steps""]","[""marketing"", ""branding"", ""promotion"", ""planning"", ""content""]",6,Marketing Managers & Strategists,"[""social media"", ""brand management"", ""digital marketing""]",59,9,2025-10-25 19:28:21,en,How do you develop an effective {keyword} strategy?,0.9,0.9236457809254296,0.33
94,social media,marketing,What content types work best for social media?,how_to,Intermediate,"[""Introduction to social media"", ""Key points and analysis"", ""Practical examples"", ""Expert insights"", ""Action items"", ""Conclusion""]","[""marketing"", ""social"", ""branding"", ""digital"", ""media"", ""how_to""]",4,Marketing Coordinators & Specialists,"[""brand management"", ""digital marketing"", ""content marketing""]",46,8,2025-10-25 19:28:21,en,What content types work best for {keyword}?,0.93,0.7924681014512714,0.49
97,brand management,marketing,What tools are essential for brand management analytics?,evaluation,Beginner,"[""Introduction to brand management"", ""Key points and analysis"", ""Practical examples"", ""Expert insights"", ""Action items"", ""Conclusion""]","[""marketing"", ""evaluation"", ""management"", ""promotion"", ""advertising"", ""brand""]",4,Marketing Students & Interns,"[""content marketing"", ""social media"", ""digital marketing""]",56,8,2025-10-25 19:28:21,en,What tools are essential for {keyword} analytics?,0.71,0.3892818369967639,0.77
104,social media,marketing,How do you attribute success to social media efforts?,troubleshooting,Expert,"[""Overview of social media"", ""Step-by-step implementation"", ""Best practices and tips"", ""Common challenges and solutions"", ""Tools and resources needed"", ""Conclusion and next steps""]","[""marketing"", ""social"", ""digital"", ""troubleshooting"", ""promotion"", ""media""]",6,Marketing Directors & CMOs,"[""brand management"", ""content marketing"", ""digital marketing""]",53,9,2025-10-25 19:28:21,en,How do you attribute success to {keyword} efforts?,0.87,1.0,0.47
105,content marketing,marketing,How do you create a content marketing roadmap?,implementation,Expert,"[""Overview of content marketing"", ""Step-by-step implementation"", ""Best practices and tips"", ""Common challenges and solutions"", ""Tools and resources needed"", ""Conclusion and next steps""]","[""marketing"", ""promotion"", ""advertising"", ""content"", ""implementation""]",6,Marketing Directors & CMOs,"[""brand management"", ""social media"", ""digital marketing""]",46,8,2025-10-25 19:28:21,en,How do you create a {keyword} roadmap?,0.89,1.0,0.74
108,social media,marketing,What does the future hold for social media?,comparison,Expert,"[""Introduction to social media"", ""Key points and analysis"", ""Practical examples"", ""Expert insights"", ""Action items"", ""Conclusion""]","[""marketing"", ""social"", ""promotion"", ""media"", ""advertising"", ""comparison""]",4,Marketing Directors & CMOs,"[""content marketing"", ""digital marketing"", ""brand management""]",43,8,2025-10-25 19:28:21,en,What does the future hold for {keyword}?,0.69,1.0,0.6
109,social media,marketing,How do you create a social media roadmap?,best_practice,Expert,"[""Overview of social media"", ""Step-by-step implementation"", ""Best practices and tips"", ""Common challenges and solutions"", ""Tools and resources needed"", ""Conclusion and next steps""]","[""marketing"", ""best_practice"", ""social"", ""promotion"", ""media"", ""advertising""]",6,Marketing Directors & CMOs,"[""digital marketing"", ""content marketing"", ""brand management""]",41,8,2025-10-25 19:28:21,en,How do you create a {keyword} roadmap?,0.76,1.0,0.65
112,social media,marketing,What messaging works best in social media campaigns?,comparison,Intermediate,"[""Introduction to social media"", ""Key points and analysis"", ""Practical examples"", ""Expert insights"", ""Action items"", ""Conclusion""]","[""marketing"", ""social"", ""digital"", ""promotion"", ""media"", ""comparison""]",4,Marketing Coordinators & Specialists,"[""digital marketing"", ""content marketing"", ""brand management""]",52,8,2025-10-25 19:28:21,en,What messaging works best in {keyword} campaigns?,0.76,0.764831265963536,0.65
115,brand management,marketing,How do you improve brand management conversion rates?,planning,Intermediate,"[""Overview of brand management"", ""Step-by-step implementation"", ""Best practices and tips"", ""Common challenges and solutions"", ""Tools and resources needed"", ""Conclusion and next steps""]","[""marketing"", ""management"", ""branding"", ""promotion"", ""planning"", ""brand""]",6,Marketing Coordinators & Specialists,"[""digital marketing"", ""social media"", ""content marketing""]",53,8,2025-10-25 19:28:21,en,How do you improve {keyword} conversion rates?,0.72,0.6172696149925324,0.45
120,social media,marketing,How do you identify the right audience for social media?,analysis,Beginner,"[""Overview of social media"", ""Step-by-step implementation"", ""Best practices and tips"", ""Common challenges and solutions"", ""Tools and resources needed"", ""Conclusion and next steps""]","[""marketing"", ""social"", ""branding"", ""digital"", ""media"", ""analysis""]",6,Marketing Students & Interns,"[""brand management"", ""content marketing"", ""digital marketing""]",56,10,2025-10-25 19:28:21,en,How do you identify the right audience for {keyword}?,0.75,0.4746519438515653,0.34
122,digital marketing,marketing,How is AI changing digital marketing approaches?,evaluation,Advanced,"[""Introduction to digital marketing"", ""Key points and analysis"", ""Practical examples"", ""Expert insights"", ""Action items"", ""Conclusion""]","[""marketing"", ""evaluation"", ""branding"", ""digital"", ""advertising""]",4,Marketing Managers & Strategists,"[""content marketing"", ""social media"", ""brand management""]",48,7,2025-10-25 19:28:21,en,How is AI changing {keyword} approaches?,0.71,0.9365295234874382,0.74
124,digital marketing,marketing,What content types work best for digital marketing?,optimization,Beginner,"[""Introduction to digital marketing"", ""Key points and analysis"", ""Practical examples"", ""Expert insights"", ""Action items"", ""Conclusion""]","[""marketing"", ""branding"", ""digital"", ""promotion"", ""optimization""]",4,Marketing Students & Interns,"[""social media"", ""content marketing"", ""brand management""]",51,8,2025-10-25 19:28:21,en,What content types work best for {keyword}?,0.72,0.3430207949014032,0.75
125,digital marketing,marketing,How do you attribute success to digital marketing efforts?,optimization,Beginner,"[""Overview of digital marketing"", ""Step-by-step implementation"", ""Best practices and tips"", ""Common challenges and solutions"", ""Tools and resources needed"", ""Conclusion and next steps""]","[""marketing"", ""branding"", ""digital"", ""promotion"", ""optimization""]",6,Marketing Students & Interns,"[""content marketing"", ""brand management"", ""social media""]",58,9,2025-10-25 19:28:21,en,How do you attribute success to {keyword} efforts?,0.88,0.4557155955046956,0.67
129,brand management,marketing,What KPIs are most important for brand management?,planning,Intermediate,"[""Introduction to brand management"", ""Key points and analysis"", ""Practical examples"", ""Expert insights"", ""Action items"", ""Conclusion""]","[""marketing"", ""management"", ""promotion"", ""planning"", ""advertising"", ""brand""]",4,Marketing Coordinators & Specialists,"[""digital marketing"", ""social media"", ""content marketing""]",50,8,2025-10-25 19:28:21,en,What KPIs are most important for {keyword}?,0.77,0.6970936437933403,0.66
130,brand management,marketing,How do you attribute success to brand management efforts?,how_to,Expert,"[""Overview of brand management"", ""Step-by-step implementation"", ""Best practices and tips"", ""Common challenges and solutions"", ""Tools and resources needed"", ""Conclusion and next steps""]","[""marketing"", ""management"", ""branding"", ""promotion"", ""brand"", ""how_to""]",6,Marketing Directors & CMOs,"[""social media"", ""digital marketing"", ""content marketing""]",57,9,2025-10-25 19:28:21,en,How do you attribute success to {keyword} efforts?,0.93,1.0,0.47
138,content marketing,marketing,How do you reach new customers through content marketing?,evaluation,Expert,"[""Overview of content marketing"", ""Step-by-step implementation"", ""Best practices and tips"", ""Common challenges and solutions"", ""Tools and resources needed"", ""Conclusion and next steps""]","[""marketing"", ""evaluation"", ""branding"", ""advertising"", ""content""]",6,Marketing Directors & CMOs,"[""brand management"", ""digital marketing"", ""social media""]",57,9,2025-10-25 19:28:21,en,How do you reach new customers through {keyword}?,0.92,1.0,0.62
142,brand management,marketing,What does the future hold for brand management?,optimization,Expert,"[""Introduction to brand management"", ""Key points and analysis"", ""Practical examples"", ""Expert insights"", ""Action items"", ""Conclusion""]","[""marketing"", ""management"", ""digital"", ""advertising"", ""brand"", ""optimization""]",4,Marketing Directors & CMOs,"[""content marketing"", ""social media"", ""digital marketing""]",47,8,2025-10-25 19:28:21,en,What does the future hold for {keyword}?,0.89,1.0,0.6
144,digital marketing,marketing,What KPIs are most important for digital marketing?,optimization,Beginner,"[""Introduction to digital marketing"", ""Key points and analysis"", ""Practical examples"", ""Expert insights"", ""Action items"", ""Conclusion""]","[""marketing"", ""branding"", ""digital"", ""advertising"", ""optimization""]",4,Marketing Students & Interns,"[""content marketing"", ""brand management"", ""social media""]",51,8,2025-10-25 19:28:21,en,What KPIs are most important for {keyword}?,0.74,0.4522047888915563,0.63
145,social media,marketing,What demographics respond best to social media?,evaluation,Advanced,"[""Introduction to social media"", ""Key points and analysis"", ""Practical examples"", ""Expert insights"", ""Action items"", ""Conclusion""]","[""marketing"", ""social"", ""evaluation"", ""branding"", ""digital"", ""media""]",4,Marketing Managers & Strategists,"[""brand management"", ""digital marketing"", ""content marketing""]",47,7,2025-10-25 19:28:21,en,What demographics respond best to {keyword}?,0.68,0.8570676371832557,0.42
150,digital marketing,marketing,What content types work best for digital marketing?,troubleshooting,Expert,"[""Introduction to digital marketing"", ""Key points and analysis"", ""Practical examples"", ""Expert insights"", ""Action items"", ""Conclusion""]","[""marketing"", ""digital"", ""troubleshooting"", ""promotion"", ""advertising""]",4,Marketing Directors & CMOs,"[""brand management"", ""content marketing"", ""social media""]",51,8,2025-10-25 19:28:21,en,What content types work best for {keyword}?,0.85,1.0,0.71
152,social media,marketing,What channels are most effective for social media?,implementation,Intermediate,"[""Introduction to social media"", ""Key points and analysis"", ""Practical examples"", ""Expert insights"", ""Action items"", ""Conclusion""]","[""marketing"", ""social"", ""branding"", ""promotion"", ""media"", ""implementation""]",4,Marketing Coordinators & Specialists,"[""content marketing"", ""brand management"", ""digital marketing""]",50,8,2025-10-25 19:28:21,en,What channels are most effective for {keyword}?,0.68,0.6636480427061511,0.49
155,digital marketing,marketing,How do you track and analyze digital marketing performance?,troubleshooting,Beginner,"[""Overview of digital marketing"", ""Step-by-step implementation"", ""Best practices and tips"", ""Common challenges and solutions"", ""Tools and resources needed"", ""Conclusion and next steps""]","[""marketing"", ""branding"", ""digital"", ""troubleshooting"", ""promotion""]",6,Marketing Students & Interns,"[""social media"", ""brand management"", ""content marketing""]",59,9,2025-10-25 19:28:21,en,How do you track and analyze {keyword} performance?,0.83,0.345986474604661,0.51
157,content marketing,marketing,How do you automate content marketing processes?,comparison,Beginner,"[""Overview of content marketing"", ""Step-by-step implementation"", ""Best practices and tips"", ""Common challenges and solutions"", ""Tools and resources needed"", ""Conclusion and next steps""]","[""marketing"", ""digital"", ""advertising"", ""content"", ""comparison""]",6,Marketing Students & Interns,"[""digital marketing"", ""brand management"", ""social media""]",48,7,2025-10-25 19:28:21,en,How do you automate {keyword} processes?,0.82,0.4484086360710445,0.45
165,digital marketing,marketing,What KPIs are most important for digital marketing?,comparison,Advanced,"[""Introduction to digital marketing"", ""Key points and analysis"", ""Practical examples"", ""Expert insights"", ""Action items"", ""Conclusion""]","[""marketing"", ""branding"", ""digital"", ""promotion"", ""comparison""]",4,Marketing Managers & Strategists,"[""content marketing"", ""brand management"", ""social media""]",51,8,2025-10-25 19:28:21,en,What KPIs are most important for {keyword}?,0.76,0.8672778801967367,0.41
169,brand management,marketing,How do you track and analyze brand management performance?,strategy,Beginner,"[""Overview of brand management"", ""Step-by-step implementation"", ""Best practices and tips"", ""Common challenges and solutions"", ""Tools and resources needed"", ""Conclusion and next steps""]","[""marketing"", ""management"", ""strategy"", ""branding"", ""digital"", ""brand""]",6,Marketing Students & Interns,"[""digital marketing"", ""social media"", ""content marketing""]",58,9,2025-10-25 19:28:21,en,How do you track and analyze {keyword} performance?,0.9,0.3925819617832157,0.36
170,social media,marketing,What budget should be allocated to social media?,analysis,Intermediate,"[""Introduction to social media"", ""Key points and analysis"", ""Practical examples"", ""Expert insights"", ""Action items"", ""Conclusion""]","[""marketing"", ""social"", ""digital"", ""promotion"", ""media"", ""analysis""]",4,Marketing Coordinators & Specialists,"[""content marketing"", ""brand management"", ""digital marketing""]",48,8,2025-10-25 19:28:21,en,What budget should be allocated to {keyword}?,0.81,0.6927160264083112,0.62
172,brand management,marketing,What emerging platforms support brand management?,evaluation,Expert,"[""Introduction to brand management"", ""Key points and analysis"", ""Practical examples"", ""Expert insights"", ""Action items"", ""Conclusion""]","[""marketing"", ""evaluation"", ""management"", ""promotion"", ""advertising"", ""brand""]",4,Marketing Directors & CMOs,"[""social media"", ""content marketing"", ""digital marketing""]",49,6,2025-10-25 19:28:21,en,What emerging platforms support {keyword}?,0.8,1.0,0.66
174,brand management,marketing,What tools are essential for brand management analytics?,optimization,Intermediate,"[""Introduction to brand management"", ""Key points and analysis"", ""Practical examples"", ""Expert insights"", ""Action items"", ""Conclusion""]","[""marketing"", ""management"", ""branding"", ""digital"", ""brand"", ""optimization""]",4,Marketing Coordinators & Specialists,"[""content marketing"", ""social media"", ""digital marketing""]",56,8,2025-10-25 19:28:21,en,What tools are essential for {keyword} analytics?,0.65,0.724471536157829,0.72
176,brand management,marketing,What demographics respond best to brand management?,implementation,Beginner,"[""Introduction to brand management"", ""Key points and analysis"", ""Practical examples"", ""Expert insights"", ""Action items"", ""Conclusion""]","[""marketing"", ""management"", ""branding"", ""digital"", ""brand"", ""implementation""]",4,Marketing Students & Interns,"[""social media"", ""content marketing"", ""digital marketing""]",51,7,2025-10-25 19:28:21,en,What demographics respond best to {keyword}?,0.86,0.4266156228780134,0.76
179,digital marketing,marketing,What does the future hold for digital marketing?,planning,Beginner,"[""Introduction to digital marketing"", ""Key points and analysis"", ""Practical examples"", ""Expert insights"", ""Action items"", ""Conclusion""]","[""marketing"", ""digital"", ""planning"", ""advertising""]",4,Marketing Students & Interns,"[""content marketing"", ""brand management"", ""social media""]",48,8,2025-10-25 19:28:21,en,What does the future hold for {keyword}?,0.63,0.4808672785995208,0.79
181,content marketing,marketing,What timing strategies work for content marketing?,analysis,Intermediate,"[""Introduction to content marketing"", ""Key points and analysis"", ""Practical examples"", ""Expert insights"", ""Action items"", ""Conclusion""]","[""marketing"", ""branding"", ""analysis"", ""advertising"", ""content""]",4,Marketing Coordinators & Specialists,"[""social media"", ""digital marketing"", ""brand management""]",50,7,2025-10-25 19:28:21,en,What timing strategies work for {keyword}?,0.85,0.606786244095562,0.31
184,content marketing,marketing,What A/B tests should you run for content marketing?,troubleshooting,Beginner,"[""Introduction to content marketing"", ""Key points and analysis"", ""Practical examples"", ""Expert insights"", ""Action items"", ""Conclusion""]","[""marketing"", ""digital"", ""troubleshooting"", ""promotion"", ""content""]",4,Marketing Students & Interns,"[""digital marketing"", ""brand management"", ""social media""]",52,9,2025-10-25 19:28:21,en,What A/B tests should you run for {keyword}?,0.79,0.4704857142615807,0.8
186,social media,marketing,What messaging works best in social media campaigns?,strategy,Beginner,"[""Introduction to social media"", ""Key points and analysis"", ""Practical examples"", ""Expert insights"", ""Action items"", ""Conclusion""]","[""marketing"", ""social"", ""strategy"", ""promotion"", ""digital"", ""media""]",4,Marketing Students & Interns,"[""digital marketing"", ""brand management"", ""content marketing""]",52,8,2025-10-25 19:28:21,en,What messaging works best in {keyword} campaigns?,0.93,0.4310288432377376,0.79
189,social media,marketing,How do you create a social media roadmap?,how_to,Beginner,"[""Overview of social media"", ""Step-by-step implementation"", ""Best practices and tips"", ""Common challenges and solutions"", ""Tools and resources needed"", ""Conclusion and next steps""]","[""marketing"", ""social"", ""promotion"", ""digital"", ""media"", ""how_to""]",6,Marketing Students & Interns,"[""digital marketing"", ""content marketing"", ""brand management""]",41,8,2025-10-25 19:28:21,en,How do you create a {keyword} roadmap?,0.75,0.3439004441235488,0.8
191,social media,marketing,How do you create a social media roadmap?,evaluation,Advanced,"[""Overview of social media"", ""Step-by-step implementation"", ""Best practices and tips"", ""Common challenges and solutions"", ""Tools and resources needed"", ""Conclusion and next steps""]","[""marketing"", ""social"", ""evaluation"", ""promotion"", ""digital"", ""media""]",6,Marketing Managers & Strategists,"[""brand management"", ""digital marketing"", ""content marketing""]",41,8,2025-10-25 19:28:21,en,How do you create a {keyword} roadmap?,0.85,0.8647809137381528,0.71
192,content marketing,marketing,What timing strategies work for content marketing?,implementation,Intermediate,"[""Introduction to content marketing"", ""Key points and analysis"", ""Practical examples"", ""Expert insights"", ""Action items"", ""Conclusion""]","[""marketing"", ""digital"", ""advertising"", ""content"", ""implementation""]",4,Marketing Coordinators & Specialists,"[""social media"", ""brand management"", ""digital marketing""]",50,7,2025-10-25 19:28:21,en,What timing strategies work for {keyword}?,0.82,0.6093691947926948,0.51
193,digital marketing,marketing,How do you develop an effective digital marketing strategy?,evaluation,Advanced,"[""Overview of digital marketing"", ""Step-by-step implementation"", ""Best practices and tips"", ""Common challenges and solutions"", ""Tools and resources needed"", ""Conclusion and next steps""]","[""marketing"", ""evaluation"", ""branding"", ""digital"", ""advertising""]",6,Marketing Managers & Strategists,"[""social media"", ""brand management"", ""content marketing""]",59,9,2025-10-25 19:28:21,en,How do you develop an effective {keyword} strategy?,0.89,0.8399472329359057,0.31
195,brand management,marketing,What content types work best for brand management?,how_to,Beginner,"[""Introduction to brand management"", ""Key points and analysis"", ""Practical examples"", ""Expert insights"", ""Action items"", ""Conclusion""]","[""marketing"", ""management"", ""digital"", ""advertising"", ""brand"", ""how_to""]",4,Marketing Students & Interns,"[""digital marketing"", ""content marketing"", ""social media""]",50,8,2025-10-25 19:28:21,en,What content types work best for {keyword}?,0.69,0.4044037256222196,0.65
198,social media,marketing,How do you measure the ROI of social media campaigns?,implementation,Beginner,"[""Overview of social media"", ""Step-by-step implementation"", ""Best practices and tips"", ""Common challenges and solutions"", ""Tools and resources needed"", ""Conclusion and next steps""]","[""marketing"", ""social"", ""branding"", ""promotion"", ""media"", ""implementation""]",6,Marketing Students & Interns,"[""brand management"", ""digital marketing"", ""content marketing""]",53,10,2025-10-25 19:28:21,en,How do you measure the ROI of {keyword} campaigns?,0.7,0.3112933120303062,0.41
202,content marketing,marketing,What are the latest trends in content marketing?,best_practice,Beginner,"[""Introduction to content marketing"", ""Key concepts and definitions"", ""Main categories or types"", ""Examples and case studies"", ""Benefits and advantages"", ""Summary and recommendations""]","[""marketing"", ""best_practice"", ""branding"", ""promotion"", ""content""]",6,Marketing Students & Interns,"[""brand management"", ""social media"", ""digital marketing""]",48,8,2025-10-25 19:28:21,en,What are the latest trends in {keyword}?,0.72,0.369451691205875,0.68
204,social media,marketing,What are the latest trends in social media?,best_practice,Intermediate,"[""Introduction to social media"", ""Key concepts and definitions"", ""Main categories or types"", ""Examples and case studies"", ""Benefits and advantages"", ""Summary and recommendations""]","[""marketing"", ""best_practice"", ""social"", ""branding"", ""digital"", ""media""]",6,Marketing Coordinators & Specialists,"[""content marketing"", ""brand management"", ""digital marketing""]",43,8,2025-10-25 19:28:21,en,What are the latest trends in {keyword}?,0.74,0.7770579857351543,0.61
206,content marketing,marketing,How do you innovate within content marketing?,evaluation,Intermediate,"[""Overview of content marketing"", ""Step-by-step implementation"", ""Best practices and tips"", ""Common challenges and solutions"", ""Tools and resources needed"", ""Conclusion and next steps""]","[""marketing"", ""evaluation"", ""branding"", ""advertising"", ""content""]",6,Marketing Coordinators & Specialists,"[""social media"", ""brand management"", ""digital marketing""]",45,7,2025-10-25 19:28:21,en,How do you innovate within {keyword}?,0.88,0.6111355286344148,0.51
207,brand management,marketing,What does the future hold for brand management?,troubleshooting,Intermediate,"[""Introduction to brand management"", ""Key points and analysis"", ""Practical examples"", ""Expert insights"", ""Action items"", ""Conclusion""]","[""marketing"", ""management"", ""branding"", ""troubleshooting"", ""advertising"", ""brand""]",4,Marketing Coordinators & Specialists,"[""content marketing"", ""social media"", ""digital marketing""]",47,8,2025-10-25 19:28:21,en,What does the future hold for {keyword}?,0.92,0.7030325397256546,0.88
209,digital marketing,marketing,How do you identify the right audience for digital marketing?,troubleshooting,Advanced,"[""Overview of digital marketing"", ""Step-by-step implementation"", ""Best practices and tips"", ""Common challenges and solutions"", ""Tools and resources needed"", ""Conclusion and next steps""]","[""marketing"", ""digital"", ""troubleshooting"", ""promotion"", ""advertising""]",6,Marketing Managers & Strategists,"[""brand management"", ""content marketing"", ""social media""]",61,10,2025-10-25 19:28:21,en,How do you identify the right audience for {keyword}?,0.87,0.9687718046146968,0.4
212,brand management,marketing,What budget should be allocated to brand management?,analysis,Advanced,"[""Introduction to brand management"", ""Key points and analysis"", ""Practical examples"", ""Expert insights"", ""Action items"", ""Conclusion""]","[""marketing"", ""management"", ""branding"", ""digital"", ""analysis"", ""brand""]",4,Marketing Managers & Strategists,"[""digital marketing"", ""social media"", ""content marketing""]",52,8,2025-10-25 19:28:21,en,What budget should be allocated to {keyword}?,0.92,0.8194816238149849,0.63
213,social media,marketing,What messaging works best in social media campaigns?,analysis,Advanced,"[""Introduction to social media"", ""Key points and analysis"", ""Practical examples"", ""Expert insights"", ""Action items"", ""Conclusion""]","[""marketing"", ""social"", ""digital"", ""media"", ""analysis"", ""advertising""]",4,Marketing Managers & Strategists,"[""content marketing"", ""brand management"", ""digital marketing""]",52,8,2025-10-25 19:28:21,en,What messaging works best in {keyword} campaigns?,0.8,0.9930665851727782,0.45
215,content marketing,marketing,How do you measure the ROI of content marketing campaigns?,comparison,Beginner,"[""Overview of content marketing"", ""Step-by-step implementation"", ""Best practices and tips"", ""Common challenges and solutions"", ""Tools and resources needed"", ""Conclusion and next steps""]","[""marketing"", ""promotion"", ""advertising"", ""content"", ""comparison""]",6,Marketing Students & Interns,"[""social media"", ""brand management"", ""digital marketing""]",58,10,2025-10-25 19:28:21,en,How do you measure the ROI of {keyword} campaigns?,0.93,0.4606243374000464,0.75
217,content marketing,marketing,What are the latest trends in content marketing?,best_practice,Expert,"[""Introduction to content marketing"", ""Key concepts and definitions"", ""Main categories or types"", ""Examples and case studies"", ""Benefits and advantages"", ""Summary and recommendations""]","[""marketing"", ""best_practice"", ""digital"", ""advertising"", ""content""]",6,Marketing Directors & CMOs,"[""digital marketing"", ""brand management"", ""social media""]",48,8,2025-10-25 19:28:21,en,What are the latest trends in {keyword}?,0.93,1.0,0.47
218,brand management,marketing,What channels are most effective for brand management?,strategy,Intermediate,"[""Introduction to brand management"", ""Key points and analysis"", ""Practical examples"", ""Expert insights"", ""Action items"", ""Conclusion""]","[""marketing"", ""management"", ""strategy"", ""digital"", ""advertising"", ""brand""]",4,Marketing Coordinators & Specialists,"[""digital marketing"", ""social media"", ""content marketing""]",54,8,2025-10-25 19:28:21,en,What channels are most effective for {keyword}?,0.86,0.7806371332673638,0.78
221,social media,marketing,How do you personalize social media for different segments?,best_practice,Intermediate,"[""Overview of social media"", ""Step-by-step implementation"", ""Best practices and tips"", ""Common challenges and solutions"", ""Tools and resources needed"", ""Conclusion and next steps""]","[""marketing"", ""best_practice"", ""social"", ""branding"", ""media"", ""advertising""]",6,Marketing Coordinators & Specialists,"[""brand management"", ""digital marketing"", ""content marketing""]",59,9,2025-10-25 19:28:21,en,How do you personalize {keyword} for different segments?,0.91,0.7775944596630824,0.62
223,brand management,marketing,How do you develop an effective brand management strategy?,optimization,Intermediate,"[""Overview of brand management"", ""Step-by-step implementation"", ""Best practices and tips"", ""Common challenges and solutions"", ""Tools and resources needed"", ""Conclusion and next steps""]","[""marketing"", ""management"", ""promotion"", ""advertising"", ""brand"", ""optimization""]",6,Marketing Coordinators & Specialists,"[""digital marketing"", ""content marketing"", ""social media""]",58,9,2025-10-25 19:28:21,en,How do you develop an effective {keyword} strategy?,0.82,0.6361394289313199,0.32
226,digital marketing,marketing,How do you automate digital marketing processes?,planning,Advanced,"[""Overview of digital marketing"", ""Step-by-step implementation"", ""Best practices and tips"", ""Common challenges and solutions"", ""Tools and resources needed"", ""Conclusion and next steps""]","[""marketing"", ""branding"", ""digital"", ""promotion"", ""planning""]",6,Marketing Managers & Strategists,"[""content marketing"", ""social media"", ""brand management""]",48,7,2025-10-25 19:28:21,en,How do you automate {keyword} processes?,0.69,0.8575204204284138,0.53
231,brand management,marketing,What messaging works best in brand management campaigns?,strategy,Advanced,"[""Introduction to brand management"", ""Key points and analysis"", ""Practical examples"", ""Expert insights"", ""Action items"", ""Conclusion""]","[""marketing"", ""management"", ""strategy"", ""branding"", ""promotion"", ""brand""]",4,Marketing Managers & Strategists,"[""social media"", ""content marketing"", ""digital marketing""]",56,8,2025-10-25 19:28:21,en,What messaging works best in {keyword} campaigns?,0.67,0.8745024663756299,0.72
232,social media,marketing,What timing strategies work for social media?,how_to,Intermediate,"[""Introduction to social media"", ""Key points and analysis"", ""Practical examples"", ""Expert insights"", ""Action items"", ""Conclusion""]","[""marketing"", ""social"", ""branding"", ""digital"", ""media"", ""how_to""]",4,Marketing Coordinators & Specialists,"[""content marketing"", ""digital marketing"", ""brand management""]",45,7,2025-10-25 19:28:21,en,What timing strategies work for {keyword}?,0.85,0.7732569071084953,0.61
236,brand management,marketing,How do you attribute success to brand management efforts?,optimization,Expert,"[""Overview of brand management"", ""Step-by-step implementation"", ""Best practices and tips"", ""Common challenges and solutions"", ""Tools and resources needed"", ""Conclusion and next steps""]","[""marketing"", ""management"", ""branding"", ""promotion"", ""brand"", ""optimization""]",6,Marketing Directors & CMOs,"[""digital marketing"", ""content marketing"", ""social media""]",57,9,2025-10-25 19:28:21,en,How do you attribute success to {keyword} efforts?,0.85,1.0,0.84
238,content marketing,marketing,What channels are most effective for content marketing?,troubleshooting,Beginner,"[""Introduction to content marketing"", ""Key points and analysis"", ""Practical examples"", ""Expert insights"", ""Action items"", ""Conclusion""]","[""marketing"", ""branding"", ""troubleshooting"", ""advertising"", ""content""]",4,Marketing Students & Interns,"[""brand management"", ""digital marketing"", ""social media""]",55,8,2025-10-25 19:28:21,en,What channels are most effective for {keyword}?,0.78,0.4765764339951412,0.69
240,brand management,marketing,How do you create a brand management roadmap?,comparison,Expert,"[""Overview of brand management"", ""Step-by-step implementation"", ""Best practices and tips"", ""Common challenges and solutions"", ""Tools and resources needed"", ""Conclusion and next steps""]","[""marketing"", ""management"", ""digital"", ""promotion"", ""brand"", ""comparison""]",6,Marketing Directors & CMOs,"[""social media"", ""content marketing"", ""digital marketing""]",45,8,2025-10-25 19:28:21,en,How do you create a {keyword} roadmap?,0.67,1.0,0.75
243,digital marketing,marketing,What KPIs are most important for digital marketing?,evaluation,Advanced,"[""Introduction to digital marketing"", ""Key points and analysis"", ""Practical examples"", ""Expert insights"", ""Action items"", ""Conclusion""]","[""marketing"", ""evaluation"", ""branding"", ""digital"", ""promotion""]",4,Marketing Managers & Strategists,"[""content marketing"", ""social media"", ""brand management""]",51,8,2025-10-25 19:28:21,en,What KPIs are most important for {keyword}?,0.65,0.8390813651631891,0.33
249,content marketing,marketing,How do you attribute success to content marketing efforts?,implementation,Expert,"[""Overview of content marketing"", ""Step-by-step implementation"", ""Best practices and tips"", ""Common challenges and solutions"", ""Tools and resources needed"", ""Conclusion and next steps""]","[""marketing"", ""promotion"", ""advertising"", ""content"", ""implementation""]",6,Marketing Directors & CMOs,"[""social media"", ""digital marketing"", ""brand management""]",58,9,2025-10-25 19:28:21,en,How do you attribute success to {keyword} efforts?,0.61,1.0,0.77
253,brand management,marketing,How is AI changing brand management approaches?,strategy,Intermediate,"[""Introduction to brand management"", ""Key points and analysis"", ""Practical examples"", ""Expert insights"", ""Action items"", ""Conclusion""]","[""marketing"", ""management"", ""strategy"", ""branding"", ""digital"", ""brand""]",4,Marketing Coordinators & Specialists,"[""digital marketing"", ""content marketing"", ""social media""]",47,7,2025-10-25 19:28:21,en,How is AI changing {keyword} approaches?,0.94,0.6841267999836439,0.74
257,brand management,marketing,What does the future hold for brand management?,evaluation,Intermediate,"[""Introduction to brand management"", ""Key points and analysis"", ""Practical examples"", ""Expert insights"", ""Action items"", ""Conclusion""]","[""marketing"", ""evaluation"", ""management"", ""digital"", ""advertising"", ""brand""]",4,Marketing Coordinators & Specialists,"[""content marketing"", ""social media"", ""digital marketing""]",47,8,2025-10-25 19:28:21,en,What does the future hold for {keyword}?,0.65,0.6660185621943631,0.42
259,brand management,marketing,What emerging platforms support brand management?,comparison,Expert,"[""Introduction to brand management"", ""Key points and analysis"", ""Practical examples"", ""Expert insights"", ""Action items"", ""Conclusion""]","[""marketing"", ""management"", ""branding"", ""advertising"", ""brand"", ""comparison""]",4,Marketing Directors & CMOs,"[""social media"", ""digital marketing"", ""content marketing""]",49,6,2025-10-25 19:28:21,en,What emerging platforms support {keyword}?,0.67,1.0,0.89
265,brand management,marketing,What channels are most effective for brand management?,implementation,Beginner,"[""Introduction to brand management"", ""Key points and analysis"", ""Practical examples"", ""Expert insights"", ""Action items"", ""Conclusion""]","[""marketing"", ""management"", ""digital"", ""promotion"", ""brand"", ""implementation""]",4,Marketing Students & Interns,"[""social media"", ""digital marketing"", ""content marketing""]",54,8,2025-10-25 19:28:21,en,What channels are most effective for {keyword}?,0.89,0.4318429080560607,0.59
266,social media,marketing,How do you develop an effective social media strategy?,evaluation,Advanced,"[""Overview of social media"", ""Step-by-step implementation"", ""Best practices and tips"", ""Common challenges and solutions"", ""Tools and resources needed"", ""Conclusion and next steps""]","[""marketing"", ""social"", ""evaluation"", ""promotion"", ""media"", ""advertising""]",6,Marketing Managers & Strategists,"[""content marketing"", ""digital marketing"", ""brand management""]",54,9,2025-10-25 19:28:21,en,How do you develop an effective {keyword} strategy?,0.86,0.852589319274355,0.5
271,social media,marketing,What content types work best for social media?,strategy,Beginner,"[""Introduction to social media"", ""Key points and analysis"", ""Practical examples"", ""Expert insights"", ""Action items"", ""Conclusion""]","[""marketing"", ""social"", ""strategy"", ""branding"", ""promotion"", ""media""]",4,Marketing Students & Interns,"[""digital marketing"", ""content marketing"", ""brand management""]",46,8,2025-10-25 19:28:21,en,What content types work best for {keyword}?,0.87,0.4545399255869126,0.39
280,social media,marketing,What are the latest trends in social media?,implementation,Intermediate,"[""Introduction to social media"", ""Key concepts and definitions"", ""Main categories or types"", ""Examples and case studies"", ""Benefits and advantages"", ""Summary and recommendations""]","[""marketing"", ""social"", ""branding"", ""media"", ""advertising"", ""implementation""]",6,Marketing Coordinators & Specialists,"[""content marketing"", ""brand management"", ""digital marketing""]",43,8,2025-10-25 19:28:21,en,What are the latest trends in {keyword}?,0.92,0.7623969381705085,0.85
281,brand management,marketing,How do you track and analyze brand management performance?,implementation,Advanced,"[""Overview of brand management"", ""Step-by-step implementation"", ""Best practices and tips"", ""Common challenges and solutions"", ""Tools and resources needed"", ""Conclusion and next steps""]","[""marketing"", ""management"", ""branding"", ""digital"", ""brand"", ""implementation""]",6,Marketing Managers & Strategists,"[""social media"", ""digital marketing"", ""content marketing""]",58,9,2025-10-25 19:28:21,en,How do you track and analyze {keyword} performance?,0.62,0.922886976543447,0.57
286,social media,marketing,How do you attribute success to social media efforts?,how_to,Beginner,"[""Overview of social media"", ""Step-by-step implementation"", ""Best practices and tips"", ""Common challenges and solutions"", ""Tools and resources needed"", ""Conclusion and next steps""]","[""marketing"", ""social"", ""branding"", ""digital"", ""media"", ""how_to""]",6,Marketing Students & Interns,"[""content marketing"", ""digital marketing"", ""brand management""]",53,9,2025-10-25 19:28:21,en,How do you attribute success to {keyword} efforts?,0.6,0.3808255281661375,0.73
288,digital marketing,marketing,What messaging works best in digital marketing campaigns?,comparison,Beginner,"[""Introduction to digital marketing"", ""Key points and analysis"", ""Practical examples"", ""Expert insights"", ""Action items"", ""Conclusion""]","[""marketing"", ""digital"", ""advertising"", ""comparison""]",4,Marketing Students & Interns,"[""social media"", ""content marketing"", ""brand management""]",57,8,2025-10-25 19:28:21,en,What messaging works best in {keyword} campaigns?,0.65,0.4896202493368627,0.6
293,social media,marketing,How do you attribute success to social media efforts?,best_practice,Expert,"[""Overview of social media"", ""Step-by-step implementation"", ""Best practices and tips"", ""Common challenges and solutions"", ""Tools and resources needed"", ""Conclusion and next steps""]","[""marketing"", ""best_practice"", ""social"", ""digital"", ""promotion"", ""media""]",6,Marketing Directors & CMOs,"[""content marketing"", ""digital marketing"", ""brand management""]",53,9,2025-10-25 19:28:21,en,How do you attribute success to {keyword} efforts?,0.67,1.0,0.49
294,content marketing,marketing,How do you attribute success to content marketing efforts?,comparison,Advanced,"[""Overview of content marketing"", ""Step-by-step implementation"", ""Best practices and tips"", ""Common challenges and solutions"", ""Tools and resources needed"", ""Conclusion and next steps""]","[""marketing"", ""branding"", ""advertising"", ""content"", ""comparison""]",6,Marketing Managers & Strategists,"[""brand management"", ""social media"", ""digital marketing""]",58,9,2025-10-25 19:28:21,en,How do you attribute success to {keyword} efforts?,0.75,0.9553068044157448,0.79
295,digital marketing,marketing,What content types work best for digital marketing?,analysis,Intermediate,"[""Introduction to digital marketing"", ""Key points and analysis"", ""Practical examples"", ""Expert insights"", ""Action items"", ""Conclusion""]","[""marketing"", ""analysis"", ""branding"", ""digital""]",4,Marketing Coordinators & Specialists,"[""brand management"", ""social media"", ""content marketing""]",51,8,2025-10-25 19:28:21,en,What content types work best for {keyword}?,0.83,0.7062328807880307,0.82
297,content marketing,marketing,How do you attribute success to content marketing efforts?,how_to,Advanced,"[""Overview of content marketing"", ""Step-by-step implementation"", ""Best practices and tips"", ""Common challenges and solutions"", ""Tools and resources needed"", ""Conclusion and next steps""]","[""marketing"", ""digital"", ""promotion"", ""content"", ""how_to""]",6,Marketing Managers & Strategists,"[""social media"", ""digital marketing"", ""brand management""]",58,9,2025-10-25 19:28:21,en,How do you attribute success to {keyword} efforts?,0.67,0.8123914263911913,0.72
303,content marketing,marketing,How do you track and analyze content marketing performance?,comparison,Beginner,"[""Overview of content marketing"", ""Step-by-step implementation"", ""Best practices and tips"", ""Common challenges and solutions"", ""Tools and resources needed"", ""Conclusion and next steps""]","[""marketing"", ""branding"", ""digital"", ""content"", ""comparison""]",6,Marketing Students & Interns,"[""brand management"", ""social media"", ""digital marketing""]",59,9,2025-10-25 19:28:21,en,How do you track and analyze {keyword} performance?,0.94,0.4042263926652437,0.9
305,digital marketing,marketing,How do you develop an effective digital marketing strategy?,analysis,Advanced,"[""Overview of digital marketing"", ""Step-by-step implementation"", ""Best practices and tips"", ""Common challenges and solutions"", ""Tools and resources needed"", ""Conclusion and next steps""]","[""marketing"", ""analysis"", ""branding"", ""digital""]",6,Marketing Managers & Strategists,"[""content marketing"", ""social media"", ""brand management""]",59,9,2025-10-25 19:28:21,en,How do you develop an effective {keyword} strategy?,0.65,0.9118035023270306,0.4
306,digital marketing,marketing,How do you improve digital marketing conversion rates?,best_practice,Expert,"[""Overview of digital marketing"", ""Step-by-step implementation"", ""Best practices and tips"", ""Common challenges and solutions"", ""Tools and resources needed"", ""Conclusion and next steps""]","[""marketing"", ""digital"", ""best_practice"", ""advertising""]",6,Marketing Directors & CMOs,"[""social media"", ""brand management"", ""content marketing""]",54,8,2025-10-25 19:28:21,en,How do you improve {keyword} conversion rates?,0.82,1.0,0.61
308,digital marketing,marketing,How do you attribute success to digital marketing efforts?,comparison,Advanced,"[""Overview of digital marketing"", ""Step-by-step implementation"", ""Best practices and tips"", ""Common challenges and solutions"", ""Tools and resources needed"", ""Conclusion and next steps""]","[""marketing"", ""branding"", ""digital"", ""promotion"", ""comparison""]",6,Marketing Managers & Strategists,"[""content marketing"", ""social media"", ""brand management""]",58,9,2025-10-25 19:28:21,en,How do you attribute success to {keyword} efforts?,0.65,0.9066160284684438,0.54
309,brand management,marketing,What timing strategies work for brand management?,comparison,Beginner,"[""Introduction to brand management"", ""Key points and analysis"", ""Practical examples"", ""Expert insights"", ""Action items"", ""Conclusion""]","[""marketing"", ""management"", ""promotion"", ""digital"", ""brand"", ""comparison""]",4,Marketing Students & Interns,"[""social media"", ""content marketing"", ""digital marketing""]",49,7,2025-10-25 19:28:21,en,What timing strategies work for {keyword}?,0.87,0.3468949573472583,0.66
310,brand management,marketing,How do you attribute success to brand management efforts?,implementation,Beginner,"[""Overview of brand management"", ""Step-by-step implementation"", ""Best practices and tips"", ""Common challenges and solutions"", ""Tools and resources needed"", ""Conclusion and next steps""]","[""marketing"", ""management"", ""promotion"", ""advertising"", ""brand"", ""implementation""]",6,Marketing Students & Interns,"[""content marketing"", ""social media"", ""digital marketing""]",57,9,2025-10-25 19:28:21,en,How do you attribute success to {keyword} efforts?,0.92,0.4568862384164208,0.84
312,content marketing,marketing,What budget should be allocated to content marketing?,planning,Advanced,"[""Introduction to content marketing"", ""Key points and analysis"", ""Practical examples"", ""Expert insights"", ""Action items"", ""Conclusion""]","[""marketing"", ""branding"", ""digital"", ""planning"", ""content""]",4,Marketing Managers & Strategists,"[""brand management"", ""social media"", ""digital marketing""]",53,8,2025-10-25 19:28:21,en,What budget should be allocated to {keyword}?,0.61,0.8479739934501306,0.36
314,content marketing,marketing,How do you reach new customers through content marketing?,planning,Expert,"[""Overview of content marketing"", ""Step-by-step implementation"", ""Best practices and tips"", ""Common challenges and solutions"", ""Tools and resources needed"", ""Conclusion and next steps""]","[""marketing"", ""digital"", ""planning"", ""advertising"", ""content""]",6,Marketing Directors & CMOs,"[""social media"", ""brand management"", ""digital marketing""]",57,9,2025-10-25 19:28:21,en,How do you reach new customers through {keyword}?,0.62,1.0,0.58
315,digital marketing,marketing,How is AI changing digital marketing approaches?,analysis,Beginner,"[""Introduction to digital marketing"", ""Key points and analysis"", ""Practical examples"", ""Expert insights"", ""Action items"", ""Conclusion""]","[""marketing"", ""analysis"", ""digital"", ""advertising""]",4,Marketing Students & Interns,"[""social media"", ""content marketing"", ""brand management""]",48,7,2025-10-25 19:28:21,en,How is AI changing {keyword} approaches?,0.79,0.4848720238254825,0.39
317,brand management,marketing,How is AI changing brand management approaches?,comparison,Advanced,"[""Introduction to brand management"", ""Key points and analysis"", ""Practical examples"", ""Expert insights"", ""Action items"", ""Conclusion""]","[""marketing"", ""management"", ""branding"", ""advertising"", ""brand"", ""comparison""]",4,Marketing Managers & Strategists,"[""social media"", ""digital marketing"", ""content marketing""]",47,7,2025-10-25 19:28:21,en,How is AI changing {keyword} approaches?,0.87,0.9126836434235494,0.53
318,social media,marketing,How do you measure the ROI of social media campaigns?,implementation,Beginner,"[""Overview of social media"", ""Step-by-step implementation"", ""Best practices and tips"", ""Common challenges and solutions"", ""Tools and resources needed"", ""Conclusion and next steps""]","[""marketing"", ""social"", ""digital"", ""promotion"", ""media"", ""implementation""]",6,Marketing Students & Interns,"[""digital marketing"", ""brand management"", ""content marketing""]",53,10,2025-10-25 19:28:21,en,How do you measure the ROI of {keyword} campaigns?,0.68,0.4555381411543299,0.67
321,digital marketing,marketing,What are the latest trends in digital marketing?,troubleshooting,Intermediate,"[""Introduction to digital marketing"", ""Key concepts and definitions"", ""Main categories or types"", ""Examples and case studies"", ""Benefits and advantages"", ""Summary and recommendations""]","[""marketing"", ""digital"", ""troubleshooting"", ""branding""]",6,Marketing Coordinators & Specialists,"[""brand management"", ""social media"", ""content marketing""]",48,8,2025-10-25 19:28:21,en,What are the latest trends in {keyword}?,0.63,0.7937253360706806,0.34
323,digital marketing,marketing,How do you attribute success to digital marketing efforts?,evaluation,Expert,"[""Overview of digital marketing"", ""Step-by-step implementation"", ""Best practices and tips"", ""Common challenges and solutions"", ""Tools and resources needed"", ""Conclusion and next steps""]","[""marketing"", ""digital"", ""advertising"", ""evaluation""]",6,Marketing Directors & CMOs,"[""content marketing"", ""social media"", ""brand management""]",58,9,2025-10-25 19:28:21,en,How do you attribute success to {keyword} efforts?,0.67,1.0,0.89
324,social media,marketing,What messaging works best in social media campaigns?,optimization,Expert,"[""Introduction to social media"", ""Key points and analysis"", ""Practical examples"", ""Expert insights"", ""Action items"", ""Conclusion""]","[""marketing"", ""social"", ""promotion"", ""media"", ""advertising"", ""optimization""]",4,Marketing Directors & CMOs,"[""digital marketing"", ""content marketing"", ""brand management""]",52,8,2025-10-25 19:28:21,en,What messaging works best in {keyword} campaigns?,0.81,1.0,0.74
327,content marketing,marketing,What timing strategies work for content marketing?,strategy,Advanced,"[""Introduction to content marketing"", ""Key points and analysis"", ""Practical examples"", ""Expert insights"", ""Action items"", ""Conclusion""]","[""marketing"", ""strategy"", ""promotion"", ""advertising"", ""content""]",4,Marketing Managers & Strategists,"[""social media"", ""brand management"", ""digital marketing""]",50,7,2025-10-25 19:28:21,en,What timing strategies work for {keyword}?,0.72,0.823975084400729,0.36
328,social media,marketing,What demographics respond best to social media?,strategy,Advanced,"[""Introduction to social media"", ""Key points and analysis"", ""Practical examples"", ""Expert insights"", ""Action items"", ""Conclusion""]","[""marketing"", ""social"", ""strategy"", ""promotion"", ""media"", ""advertising""]",4,Marketing Managers & Strategists,"[""brand management"", ""content marketing"", ""digital marketing""]",47,7,2025-10-25 19:28:21,en,What demographics respond best to {keyword}?,0.78,0.9865755052195404,0.88
329,social media,marketing,What does the future hold for social media?,optimization,Intermediate,"[""Introduction to social media"", ""Key points and analysis"", ""Practical examples"", ""Expert insights"", ""Action items"", ""Conclusion""]","[""marketing"", ""social"", ""promotion"", ""media"", ""advertising"", ""optimization""]",4,Marketing Coordinators & Specialists,"[""brand management"", ""digital marketing"", ""content marketing""]",43,8,2025-10-25 19:28:21,en,What does the future hold for {keyword}?,0.66,0.6759913390463852,0.86
337,content marketing,marketing,How do you track and analyze content marketing performance?,analysis,Beginner,"[""Overview of content marketing"", ""Step-by-step implementation"", ""Best practices and tips"", ""Common challenges and solutions"", ""Tools and resources needed"", ""Conclusion and next steps""]","[""marketing"", ""branding"", ""digital"", ""analysis"", ""content""]",6,Marketing Students & Interns,"[""digital marketing"", ""social media"", ""brand management""]",59,9,2025-10-25 19:28:21,en,How do you track and analyze {keyword} performance?,0.62,0.3371375855237615,0.68
341,content marketing,marketing,How do you identify the right audience for content marketing?,implementation,Beginner,"[""Overview of content marketing"", ""Step-by-step implementation"", ""Best practices and tips"", ""Common challenges and solutions"", ""Tools and resources needed"", ""Conclusion and next steps""]","[""marketing"", ""digital"", ""advertising"", ""content"", ""implementation""]",6,Marketing Students & Interns,"[""social media"", ""digital marketing"", ""brand management""]",61,10,2025-10-25 19:28:21,en,How do you identify the right audience for {keyword}?,0.92,0.4548546974277316,0.86
342,brand management,marketing,How do you create a brand management roadmap?,how_to,Advanced,"[""Overview of brand management"", ""Step-by-step implementation"", ""Best practices and tips"", ""Common challenges and solutions"", ""Tools and resources needed"", ""Conclusion and next steps""]","[""marketing"", ""management"", ""branding"", ""promotion"", ""brand"", ""how_to""]",6,Marketing Managers & Strategists,"[""social media"", ""digital marketing"", ""content marketing""]",45,8,2025-10-25 19:28:21,en,How do you create a {keyword} roadmap?,0.72,0.8473150352954848,0.69
345,social media,marketing,How do you improve social media conversion rates?,evaluation,Beginner,"[""Overview of social media"", ""Step-by-step implementation"", ""Best practices and tips"", ""Common challenges and solutions"", ""Tools and resources needed"", ""Conclusion and next steps""]","[""marketing"", ""social"", ""evaluation"", ""digital"", ""media"", ""advertising""]",6,Marketing Students & Interns,"[""content marketing"", ""brand management"", ""digital marketing""]",49,8,2025-10-25 19:28:21,en,How do you improve {keyword} conversion rates?,0.78,0.4778128297713277,0.67
350,social media,marketing,What are the latest trends in social media?,how_to,Expert,"[""Introduction to social media"", ""Key concepts and definitions"", ""Main categories or types"", ""Examples and case studies"", ""Benefits and advantages"", ""Summary and recommendations""]","[""marketing"", ""social"", ""promotion"", ""media"", ""advertising"", ""how_to""]",6,Marketing Directors & CMOs,"[""digital marketing"", ""brand management"", ""content marketing""]",43,8,2025-10-25 19:28:21,en,What are the latest trends in {keyword}?,0.94,1.0,0.74
354,social media,marketing,How do you reach new customers through social media?,implementation,Advanced,"[""Overview of social media"", ""Step-by-step implementation"", ""Best practices and tips"", ""Common challenges and solutions"", ""Tools and resources needed"", ""Conclusion and next steps""]","[""marketing"", ""social"", ""digital"", ""media"", ""advertising"", ""implementation""]",6,Marketing Managers & Strategists,"[""digital marketing"", ""brand management"", ""content marketing""]",52,9,2025-10-25 19:28:21,en,How do you reach new customers through {keyword}?,0.6,0.908083562054468,0.43
355,social media,marketing,How do you reach new customers through social media?,planning,Advanced,"[""Overview of social media"", ""Step-by-step implementation"", ""Best practices and tips"", ""Common challenges and solutions"", ""Tools and resources needed"", ""Conclusion and next steps""]","[""marketing"", ""social"", ""digital"", ""media"", ""planning"", ""advertising""]",6,Marketing Managers & Strategists,"[""brand management"", ""digital marketing"", ""content marketing""]",52,9,2025-10-25 19:28:21,en,How do you reach new customers through {keyword}?,0.69,0.920807247855701,0.59
371,brand management,marketing,How do you track and analyze brand management performance?,optimization,Beginner,"[""Overview of brand management"", ""Step-by-step implementation"", ""Best practices and tips"", ""Common challenges and solutions"", ""Tools and resources needed"", ""Conclusion and next steps""]","[""marketing"", ""management"", ""promotion"", ""advertising"", ""brand"", ""optimization""]",6,Marketing Students & Interns,"[""social media"", ""digital marketing"", ""content marketing""]",58,9,2025-10-25 19:28:21,en,How do you track and analyze {keyword} performance?,0.89,0.3696500482105908,0.82
377,content marketing,marketing,What KPIs are most important for content marketing?,troubleshooting,Beginner,"[""Introduction to content marketing"", ""Key points and analysis"", ""Practical examples"", ""Expert insights"", ""Action items"", ""Conclusion""]","[""marketing"", ""branding"", ""troubleshooting"", ""promotion"", ""content""]",4,Marketing Students & Interns,"[""social media"", ""brand management"", ""digital marketing""]",51,8,2025-10-25 19:28:21,en,What KPIs are most important for {keyword}?,0.87,0.4142561977832297,0.48
378,social media,marketing,What demographics respond best to social media?,evaluation,Beginner,"[""Introduction to social media"", ""Key points and analysis"", ""Practical examples"", ""Expert insights"", ""Action items"", ""Conclusion""]","[""marketing"", ""social"", ""evaluation"", ""digital"", ""media"", ""advertising""]",4,Marketing Students & Interns,"[""content marketing"", ""brand management"", ""digital marketing""]",47,7,2025-10-25 19:28:21,en,What demographics respond best to {keyword}?,0.67,0.3413237975183961,0.45
382,brand management,marketing,How do you measure the ROI of brand management campaigns?,analysis,Advanced,"[""Overview of brand management"", ""Step-by-step implementation"", ""Best practices and tips"", ""Common challenges and solutions"", ""Tools and resources needed"", ""Conclusion and next steps""]","[""marketing"", ""management"", ""branding"", ""digital"", ""analysis"", ""brand""]",6,Marketing Managers & Strategists,"[""social media"", ""digital marketing"", ""content marketing""]",57,10,2025-10-25 19:28:21,en,How do you measure the ROI of {keyword} campaigns?,0.88,0.9923924169076874,0.76
387,content marketing,marketing,How do you create a content marketing roadmap?,strategy,Expert,"[""Overview of content marketing"", ""Step-by-step implementation"", ""Best practices and tips"", ""Common challenges and solutions"", ""Tools and resources needed"", ""Conclusion and next steps""]","[""marketing"", ""strategy"", ""branding"", ""promotion"", ""content""]",6,Marketing Directors & CMOs,"[""digital marketing"", ""social media"", ""brand management""]",46,8,2025-10-25 19:28:21,en,How do you create a {keyword} roadmap?,0.72,1.0,0.61
388,digital marketing,marketing,What emerging platforms support digital marketing?,troubleshooting,Beginner,"[""Introduction to digital marketing"", ""Key points and analysis"", ""Practical examples"", ""Expert insights"", ""Action items"", ""Conclusion""]","[""marketing"", ""digital"", ""troubleshooting"", ""promotion""]",4,Marketing Students & Interns,"[""brand management"", ""content marketing"", ""social media""]",50,6,2025-10-25 19:28:21,en,What emerging platforms support {keyword}?,0.71,0.450320538882676,0.79
390,content marketing,marketing,How do you personalize content marketing for different segments?,planning,Expert,"[""Overview of content marketing"", ""Step-by-step implementation"", ""Best practices and tips"", ""Common challenges and solutions"", ""Tools and resources needed"", ""Conclusion and next steps""]","[""marketing"", ""digital"", ""promotion"", ""planning"", ""content""]",6,Marketing Directors & CMOs,"[""digital marketing"", ""social media"", ""brand management""]",64,9,2025-10-25 19:28:21,en,How do you personalize {keyword} for different segments?,0.77,1.0,0.87
393,social media,marketing,What channels are most effective for social media?,evaluation,Advanced,"[""Introduction to social media"", ""Key points and analysis"", ""Practical examples"", ""Expert insights"", ""Action items"", ""Conclusion""]","[""marketing"", ""social"", ""evaluation"", ""promotion"", ""media"", ""advertising""]",4,Marketing Managers & Strategists,"[""content marketing"", ""digital marketing"", ""brand management""]",50,8,2025-10-25 19:28:21,en,What channels are most effective for {keyword}?,0.77,0.9912585480058956,0.8
395,content marketing,marketing,How do you personalize content marketing for different segments?,strategy,Intermediate,"[""Overview of content marketing"", ""Step-by-step implementation"", ""Best practices and tips"", ""Common challenges and solutions"", ""Tools and resources needed"", ""Conclusion and next steps""]","[""marketing"", ""strategy"", ""branding"", ""advertising"", ""content""]",6,Marketing Coordinators & Specialists,"[""social media"", ""digital marketing"", ""brand management""]",64,9,2025-10-25 19:28:21,en,How do you personalize {keyword} for different segments?,0.91,0.6281184186533175,0.8
399,brand management,marketing,What budget should be allocated to brand management?,comparison,Beginner,"[""Introduction to brand management"", ""Key points and analysis"", ""Practical examples"", ""Expert insights"", ""Action items"", ""Conclusion""]","[""marketing"", ""management"", ""branding"", ""promotion"", ""brand"", ""comparison""]",4,Marketing Students & Interns,"[""content marketing"", ""social media"", ""digital marketing""]",52,8,2025-10-25 19:28:21,en,What budget should be allocated to {keyword}?,0.62,0.4734158755435983,0.65
403,brand management,marketing,How do you attribute success to brand management efforts?,best_practice,Expert,"[""Overview of brand management"", ""Step-by-step implementation"", ""Best practices and tips"", ""Common challenges and solutions"", ""Tools and resources needed"", ""Conclusion and next steps""]","[""marketing"", ""best_practice"", ""management"", ""branding"", ""promotion"", ""brand""]",6,Marketing Directors & CMOs,"[""content marketing"", ""social media"", ""digital marketing""]",57,9,2025-10-25 19:28:21,en,How do you attribute success to {keyword} efforts?,0.94,1.0,0.62
409,brand management,marketing,How do you improve brand management conversion rates?,strategy,Expert,"[""Overview of brand management"", ""Step-by-step implementation"", ""Best practices and tips"", ""Common challenges and solutions"", ""Tools and resources needed"", ""Conclusion and next steps""]","[""marketing"", ""management"", ""strategy"", ""promotion"", ""advertising"", ""brand""]",6,Marketing Directors & CMOs,"[""digital marketing"", ""social media"", ""content marketing""]",53,8,2025-10-25 19:28:21,en,How do you improve {keyword} conversion rates?,0.92,1.0,0.47
413,social media,marketing,How do you automate social media processes?,comparison,Advanced,"[""Overview of social media"", ""Step-by-step implementation"", ""Best practices and tips"", ""Common challenges and solutions"", ""Tools and resources needed"", ""Conclusion and next steps""]","[""marketing"", ""social"", ""digital"", ""promotion"", ""media"", ""comparison""]",6,Marketing Managers & Strategists,"[""brand management"", ""digital marketing"", ""content marketing""]",43,7,2025-10-25 19:28:21,en,How do you automate {keyword} processes?,0.72,0.932147927280962,0.77
414,brand management,marketing,What tools are essential for brand management analytics?,implementation,Expert,"[""Introduction to brand management"", ""Key points and analysis"", ""Practical examples"", ""Expert insights"", ""Action items"", ""Conclusion""]","[""marketing"", ""management"", ""digital"", ""promotion"", ""brand"", ""implementation""]",4,Marketing Directors & CMOs,"[""digital marketing"", ""social media"", ""content marketing""]",56,8,2025-10-25 19:28:21,en,What tools are essential for {keyword} analytics?,0.78,1.0,0.87
421,social media,marketing,What budget should be allocated to social media?,optimization,Intermediate,"[""Introduction to social media"", ""Key points and analysis"", ""Practical examples"", ""Expert insights"", ""Action items"", ""Conclusion""]","[""marketing"", ""social"", ""branding"", ""promotion"", ""media"", ""optimization""]",4,Marketing Coordinators & Specialists,"[""digital marketing"", ""brand management"", ""content marketing""]",48,8,2025-10-25 19:28:21,en,What budget should be allocated to {keyword}?,0.61,0.7372925286239856,0.52
422,brand management,marketing,How do you improve brand management conversion rates?,strategy,Expert,"[""Overview of brand management"", ""Step-by-step implementation"", ""Best practices and tips"", ""Common challenges and solutions"", ""Tools and resources needed"", ""Conclusion and next steps""]","[""marketing"", ""management"", ""strategy"", ""digital"", ""promotion"", ""brand""]",6,Marketing Directors & CMOs,"[""digital marketing"", ""social media"", ""content marketing""]",53,8,2025-10-25 19:28:21,en,How do you improve {keyword} conversion rates?,0.67,1.0,0.52
423,social media,marketing,How do you reach new customers through social media?,evaluation,Beginner,"[""Overview of social media"", ""Step-by-step implementation"", ""Best practices and tips"", ""Common challenges and solutions"", ""Tools and resources needed"", ""Conclusion and next steps""]","[""marketing"", ""social"", ""evaluation"", ""digital"", ""promotion"", ""media""]",6,Marketing Students & Interns,"[""digital marketing"", ""brand management"", ""content marketing""]",52,9,2025-10-25 19:28:21,en,How do you reach new customers through {keyword}?,0.74,0.3679013395549204,0.5
424,content marketing,marketing,How do you reach new customers through content marketing?,analysis,Intermediate,"[""Overview of content marketing"", ""Step-by-step implementation"", ""Best practices and tips"", ""Common challenges and solutions"", ""Tools and resources needed"", ""Conclusion and next steps""]","[""marketing"", ""branding"", ""promotion"", ""analysis"", ""content""]",6,Marketing Coordinators & Specialists,"[""social media"", ""brand management"", ""digital marketing""]",57,9,2025-10-25 19:28:21,en,How do you reach new customers through {keyword}?,0.62,0.6151431817674061,0.75
425,brand management,marketing,How do you personalize brand management for different segments?,implementation,Beginner,"[""Overview of brand management"", ""Step-by-step implementation"", ""Best practices and tips"", ""Common challenges and solutions"", ""Tools and resources needed"", ""Conclusion and next steps""]","[""marketing"", ""management"", ""branding"", ""digital"", ""brand"", ""implementation""]",6,Marketing Students & Interns,"[""content marketing"", ""digital marketing"", ""social media""]",63,9,2025-10-25 19:28:21,en,How do you personalize {keyword} for different segments?,0.92,0.3511014417835066,0.43
429,content marketing,marketing,What demographics respond best to content marketing?,implementation,Beginner,"[""Introduction to content marketing"", ""Key points and analysis"", ""Practical examples"", ""Expert insights"", ""Action items"", ""Conclusion""]","[""marketing"", ""branding"", ""advertising"", ""content"", ""implementation""]",4,Marketing Students & Interns,"[""brand management"", ""social media"", ""digital marketing""]",52,7,2025-10-25 19:28:21,en,What demographics respond best to {keyword}?,0.92,0.3588842736350082,0.71
430,digital marketing,marketing,How do you identify the right audience for digital marketing?,how_to,Intermediate,"[""Overview of digital marketing"", ""Step-by-step implementation"", ""Best practices and tips"", ""Common challenges and solutions"", ""Tools and resources needed"", ""Conclusion and next steps""]","[""marketing"", ""digital"", ""promotion"", ""how_to""]",6,Marketing Coordinators & Specialists,"[""content marketing"", ""brand management"", ""social media""]",61,10,2025-10-25 19:28:21,en,How do you identify the right audience for {keyword}?,0.63,0.6045259951994539,0.36
434,digital marketing,marketing,What does the future hold for digital marketing?,comparison,Intermediate,"[""Introduction to digital marketing"", ""Key points and analysis"", ""Practical examples"", ""Expert insights"", ""Action items"", ""Conclusion""]","[""marketing"", ""digital"", ""promotion"", ""comparison""]",4,Marketing Coordinators & Specialists,"[""brand management"", ""social media"", ""content marketing""]",48,8,2025-10-25 19:28:21,en,What does the future hold for {keyword}?,0.64,0.6340549971117179,0.89
436,social media,marketing,How do you track and analyze social media performance?,best_practice,Beginner,"[""Overview of social media"", ""Step-by-step implementation"", ""Best practices and tips"", ""Common challenges and solutions"", ""Tools and resources needed"", ""Conclusion and next steps""]","[""marketing"", ""best_practice"", ""social"", ""branding"", ""digital"", ""media""]",6,Marketing Students & Interns,"[""digital marketing"", ""brand management"", ""content marketing""]",54,9,2025-10-25 19:28:21,en,How do you track and analyze {keyword} performance?,0.78,0.4039016729337559,0.71
437,digital marketing,marketing,What budget should be allocated to digital marketing?,strategy,Advanced,"[""Introduction to digital marketing"", ""Key points and analysis"", ""Practical examples"", ""Expert insights"", ""Action items"", ""Conclusion""]","[""marketing"", ""strategy"", ""branding"", ""digital"", ""advertising""]",4,Marketing Managers & Strategists,"[""content marketing"", ""brand management"", ""social media""]",53,8,2025-10-25 19:28:21,en,What budget should be allocated to {keyword}?,0.83,0.914217408555884,0.77
444,digital marketing,marketing,What KPIs are most important for digital marketing?,evaluation,Advanced,"[""Introduction to digital marketing"", ""Key points and analysis"", ""Practical examples"", ""Expert insights"", ""Action items"", ""Conclusion""]","[""marketing"", ""branding"", ""digital"", ""evaluation""]",4,Marketing Managers & Strategists,"[""brand management"", ""social media"", ""content marketing""]",51,8,2025-10-25 19:28:21,en,What KPIs are most important for {keyword}?,0.92,0.9806526482689883,0.37
446,brand management,marketing,What content types work best for brand management?,strategy,Intermediate,"[""Introduction to brand management"", ""Key points and analysis"", ""Practical examples"", ""Expert insights"", ""Action items"", ""Conclusion""]","[""marketing"", ""management"", ""strategy"", ""promotion"", ""digital"", ""brand""]",4,Marketing Coordinators & Specialists,"[""content marketing"", ""social media"", ""digital marketing""]",50,8,2025-10-25 19:28:21,en,What content types work best for {keyword}?,0.93,0.7481864680814738,0.88
447,brand management,marketing,How do you develop an effective brand management strategy?,comparison,Beginner,"[""Overview of brand management"", ""Step-by-step implementation"", ""Best practices and tips"", ""Common challenges and solutions"", ""Tools and resources needed"", ""Conclusion and next steps""]","[""marketing"", ""management"", ""branding"", ""digital"", ""brand"", ""comparison""]",6,Marketing Students & Interns,"[""social media"", ""content marketing"", ""digital marketing""]",58,9,2025-10-25 19:28:21,en,How do you develop an effective {keyword} strategy?,0.73,0.4451433755620396,0.69
454,content marketing,marketing,How do you automate content marketing processes?,how_to,Advanced,"[""Overview of content marketing"", ""Step-by-step implementation"", ""Best practices and tips"", ""Common challenges and solutions"", ""Tools and resources needed"", ""Conclusion and next steps""]","[""marketing"", ""branding"", ""digital"", ""content"", ""how_to""]",6,Marketing Managers & Strategists,"[""social media"", ""digital marketing"", ""brand management""]",48,7,2025-10-25 19:28:21,en,How do you automate {keyword} processes?,0.67,0.9573460474369327,0.59
455,digital marketing,marketing,What timing strategies work for digital marketing?,best_practice,Advanced,"[""Introduction to digital marketing"", ""Key points and analysis"", ""Practical examples"", ""Expert insights"", ""Action items"", ""Conclusion""]","[""marketing"", ""best_practice"", ""branding"", ""digital"", ""advertising""]",4,Marketing Managers & Strategists,"[""content marketing"", ""social media"", ""brand management""]",50,7,2025-10-25 19:28:21,en,What timing strategies work for {keyword}?,0.72,0.8199526828846362,0.64
461,content marketing,marketing,How do you create a content marketing roadmap?,planning,Expert,"[""Overview of content marketing"", ""Step-by-step implementation"", ""Best practices and tips"", ""Common challenges and solutions"", ""Tools and resources needed"", ""Conclusion and next steps""]","[""marketing"", ""branding"", ""digital"", ""planning"", ""content""]",6,Marketing Directors & CMOs,"[""social media"", ""brand management"", ""digital marketing""]",46,8,2025-10-25 19:28:21,en,How do you create a {keyword} roadmap?,0.64,1.0,0.74
469,brand management,marketing,How do you identify the right audience for brand management?,implementation,Beginner,"[""Overview of brand management"", ""Step-by-step implementation"", ""Best practices and tips"", ""Common challenges and solutions"", ""Tools and resources needed"", ""Conclusion and next steps""]","[""marketing"", ""management"", ""promotion"", ""advertising"", ""brand"", ""implementation""]",6,Marketing Students & Interns,"[""social media"", ""content marketing"", ""digital marketing""]",60,10,2025-10-25 19:28:21,en,How do you identify the right audience for {keyword}?,0.72,0.3824199751878169,0.39
470,content marketing,marketing,What channels are most effective for content marketing?,troubleshooting,Expert,"[""Introduction to content marketing"", ""Key points and analysis"", ""Practical examples"", ""Expert insights"", ""Action items"", ""Conclusion""]","[""marketing"", ""branding"", ""troubleshooting"", ""promotion"", ""content""]",4,Marketing Directors & CMOs,"[""social media"", ""brand management"", ""digital marketing""]",55,8,2025-10-25 19:28:21,en,What channels are most effective for {keyword}?,0.88,1.0,0.9
472,content marketing,marketing,What A/B tests should you run for content marketing?,evaluation,Expert,"[""Introduction to content marketing"", ""Key points and analysis"", ""Practical examples"", ""Expert insights"", ""Action items"", ""Conclusion""]","[""marketing"", ""evaluation"", ""branding"", ""digital"", ""content""]",4,Marketing Directors & CMOs,"[""brand management"", ""social media"", ""digital marketing""]",52,9,2025-10-25 19:28:21,en,What A/B tests should you run for {keyword}?,0.93,1.0,0.86
473,brand management,marketing,What are the latest trends in brand management?,optimization,Intermediate,"[""Introduction to brand management"", ""Key concepts and definitions"", ""Main categories or types"", ""Examples and case studies"", ""Benefits and advantages"", ""Summary and recommendations""]","[""marketing"", ""management"", ""branding"", ""advertising"", ""brand"", ""optimization""]",6,Marketing Coordinators & Specialists,"[""content marketing"", ""social media"", ""digital marketing""]",47,8,2025-10-25 19:28:21,en,What are the latest trends in {keyword}?,0.8,0.752575532930392,0.67
476,social media,marketing,What timing strategies work for social media?,optimization,Expert,"[""Introduction to social media"", ""Key points and analysis"", ""Practical examples"", ""Expert insights"", ""Action items"", ""Conclusion""]","[""marketing"", ""social"", ""branding"", ""media"", ""advertising"", ""optimization""]",4,Marketing Directors & CMOs,"[""digital marketing"", ""content marketing"", ""brand management""]",45,7,2025-10-25 19:28:21,en,What timing strategies work for {keyword}?,0.9,1.0,0.59
487,content marketing,marketing,What A/B tests should you run for content marketing?,comparison,Advanced,"[""Introduction to content marketing"", ""Key points and analysis"", ""Practical examples"", ""Expert insights"", ""Action items"", ""Conclusion""]","[""marketing"", ""branding"", ""digital"", ""content"", ""comparison""]",4,Marketing Managers & Strategists,"[""social media"", ""digital marketing"", ""brand management""]",52,9,2025-10-25 19:28:21,en,What A/B tests should you run for {keyword}?,0.72,0.808640914531479,0.84
489,brand management,marketing,How do you innovate within brand management?,troubleshooting,Advanced,"[""Overview of brand management"", ""Step-by-step implementation"", ""Best practices and tips"", ""Common challenges and solutions"", ""Tools and resources needed"", ""Conclusion and next steps""]","[""marketing"", ""management"", ""troubleshooting"", ""promotion"", ""advertising"", ""brand""]",6,Marketing Managers & Strategists,"[""social media"", ""digital marketing"", ""content marketing""]",44,7,2025-10-25 19:28:21,en,How do you innovate within {keyword}?,0.93,0.9768783645968536,0.7
491,social media,marketing,How do you develop an effective social media strategy?,evaluation,Intermediate,"[""Overview of social media"", ""Step-by-step implementation"", ""Best practices and tips"", ""Common challenges and solutions"", ""Tools and resources needed"", ""Conclusion and next steps""]","[""marketing"", ""social"", ""evaluation"", ""digital"", ""media"", ""advertising""]",6,Marketing Coordinators & Specialists,"[""brand management"", ""digital marketing"", ""content marketing""]",54,9,2025-10-25 19:28:21,en,How do you develop an effective {keyword} strategy?,0.85,0.7087822163351443,0.71
497,brand management,marketing,What content types work best for brand management?,planning,Expert,"[""Introduction to brand management"", ""Key points and analysis"", ""Practical examples"", ""Expert insights"", ""Action items"", ""Conclusion""]","[""marketing"", ""management"", ""branding"", ""digital"", ""planning"", ""brand""]",4,Marketing Directors & CMOs,"[""social media"", ""digital marketing"", ""content marketing""]",50,8,2025-10-25 19:28:21,en,What content types work best for {keyword}?,0.91,1.0,0.37
498,brand management,marketing,What KPIs are most important for brand management?,comparison,Advanced,"[""Introduction to brand management"", ""Key points and analysis"", ""Practical examples"", ""Expert insights"", ""Action items"", ""Conclusion""]","[""marketing"", ""management"", ""promotion"", ""digital"", ""brand"", ""comparison""]",4,Marketing Managers & Strategists,"[""digital marketing"", ""content marketing"", ""social media""]",50,8,2025-10-25 19:28:21,en,What KPIs are most important for {keyword}?,0.77,0.87777135024635,0.75
